{"cameraMode":{"drawMode":0,"name":"Shaded","section":"Shading Mode"},"sceneLighting":true,"audioPlay":false,"sceneViewState":{"m_AlwaysRefresh":false,"showFog":true,"showSkybox":true,"showFlares":true,"showImageEffects":true,"showParticleSystems":true,"showVisualEffectGraphs":true,"m_FxEnabled":true},"in2DMode":false,"pivot":{"x":51.349830627441409,"y":31.996234893798829,"z":5.354591369628906},"rotation":{"x":0.0025893007405102255,"y":-0.9974517226219177,"z":-0.051517631858587268,"w":-0.05022592842578888},"size":45.50336456298828,"orthographic":true}