{"cameraMode":{"drawMode":0,"name":"Shaded","section":"Shading Mode"},"sceneLighting":true,"audioPlay":false,"sceneViewState":{"m_AlwaysRefresh":false,"showFog":true,"showSkybox":true,"showFlares":true,"showImageEffects":true,"showParticleSystems":true,"showVisualEffectGraphs":true,"m_FxEnabled":true},"in2DMode":false,"pivot":{"x":610.9912719726563,"y":391.8738708496094,"z":-97.92302703857422},"rotation":{"x":0.020247668027877809,"y":-0.1163254976272583,"z":0.0024616855662316086,"w":0.9930648803710938},"size":404.8360595703125,"orthographic":true}